scenario,year,demand_index,prod1_units,prod2_units,prod3_units,M1_required,M2_required,M3_required,M4_required,M5_required,M6_required,M7_required,M8_required,M9_required,M10_required,total_required,total_owned
LOW,0,1.0,4245,4590,3400,4,2,5,7,5,5,5,5,2,3,43,50
LOW,1,1.11,4712,5095,3774,5,3,5,8,5,5,5,6,2,3,47,50
LOW,2,1.2321,5230,5655,4189,5,3,6,8,6,6,6,6,2,3,51,50
LOW,3,1.3676,5806,6277,4650,6,3,6,9,6,6,6,7,2,4,55,50
LOW,4,1.5181,6444,6968,5161,7,3,7,10,7,7,7,8,2,4,62,50
LOW,5,1.6851,7153,7734,5729,7,4,7,11,8,8,8,8,2,5,68,50
LOW,6,1.5334,6509,7038,5214,7,4,7,10,7,7,7,8,2,4,63,50
LOW,7,1.3954,5923,6405,4744,6,3,6,9,7,7,6,7,2,4,57,50
LOW,8,1.2698,5390,5828,4317,6,3,6,9,6,6,6,6,2,4,54,50
MID,0,1.0,4245,4590,3400,4,2,5,7,5,5,5,5,2,3,43,50
MID,1,1.145,4861,5256,3893,5,3,5,8,5,5,5,6,2,3,47,50
MID,2,1.311,5565,6018,4457,6,3,6,9,6,6,6,7,2,4,55,50
MID,3,1.5011,6372,6890,5104,6,3,7,10,7,7,7,8,2,4,61,50
MID,4,1.7188,7296,7889,5844,7,4,8,11,8,8,8,9,2,5,70,50
MID,5,1.968,8354,9033,6691,8,4,9,13,9,9,9,10,3,5,79,50
MID,6,1.8401,7811,8446,6256,8,4,8,12,8,9,8,9,2,5,73,50
MID,7,1.7205,7303,7897,5850,7,4,8,11,8,8,8,9,2,5,70,50
MID,8,1.6087,6829,7384,5469,7,4,7,11,7,8,7,8,2,4,65,50
HIGH,0,1.0,4245,4590,3400,4,2,5,7,5,5,5,5,2,3,43,50
HIGH,1,1.18,5009,5416,4012,5,3,5,8,6,6,5,6,2,3,49,50
HIGH,2,1.3924,5911,6391,4734,6,3,6,9,7,7,6,7,2,4,57,50
HIGH,3,1.643,6975,7542,5586,7,4,7,11,8,8,7,8,2,4,66,50
HIGH,4,1.9388,8230,8899,6592,8,4,8,13,9,9,9,10,2,5,77,50
HIGH,5,2.2878,9712,10501,7778,10,5,10,15,10,10,10,11,3,6,90,50
HIGH,6,2.1962,9323,10081,7467,9,5,9,14,10,10,10,11,3,6,87,50
HIGH,7,2.1084,8950,9678,7169,9,5,9,14,10,10,9,10,3,6,85,50
HIGH,8,2.0241,8592,9290,6882,9,4,9,13,9,9,9,10,3,5,80,50
